,age,performance,y
0,53.32,-6.098049024512257,0
1,32.1,-7.848924462231116,0
2,58.72,9.70985492746373,1
3,59.52,4.387193596798399,1
4,28.55,7.41870935467734,0
5,54.14,-9.329664832416208,0
6,38.61,-7.538769384692346,0
7,23.82,-6.538269134567283,0
8,40.38,5.337668834417208,0
9,54.01,1.0455227613806901,1
10,24.98,3.3266633316658325,0
11,32.73,-1.4557278639319655,0
12,28.48,7.6188094047023505,0
13,22.62,-5.817908954477239,0
14,27.71,-5.387693846923462,0
15,32.43,9.68984492246123,0
16,24.45,2.176088044022011,0
17,34.12,2.0660330165082534,1
18,25.92,-5.607803901950976,0
19,47.31,5.917958979489745,0
20,47.16,1.2056028014006994,1
21,23.78,3.5967983991995993,0
22,45.48,9.819909954977486,0
23,42.98,1.5257628814407198,1
24,53.28,6.9184592296148075,1
25,50.78,-4.137068534267134,0
26,52.56,-4.547273636818409,0
27,54.22,1.9459729864932456,1
28,56.51,-7.698849424712357,0
29,35.71,2.8664332166083035,1
30,46.18,-3.256628314157079,0
31,50.13,-1.6958479239619813,0
32,42.67,-7.998999499749875,0
33,31.51,-8.809404702351175,0
34,39.98,8.90945472736368,0
35,41.09,-3.646823411705853,0
36,43.38,0.10505252626313144,1
37,40.73,-3.496748374187094,0
38,45.02,-8.55927963981991,0
39,26.47,-7.75887943971986,0
40,31.61,1.9959979989994991,1
41,34.51,-6.80840420210105,0
42,55.59,9.06953476738369,1
43,32.08,-7.5287643821910955,0
44,29.2,-4.047023511755878,0
45,35.19,-1.3756878439219609,0
46,26.53,9.409704852426213,0
47,26.4,5.487743871935967,0
48,24.24,-1.8659329664832427,0
49,32.81,-2.1060530265132567,0
50,32.85,-8.129064532266133,0
51,57.84,5.827913956978488,1
52,22.29,-5.207603801900951,0
53,37.56,-0.39519759879940075,0
54,58.66,0.9254627313656822,1
55,56.26,-8.359179589794898,0
56,36.17,-4.2171085542771385,0
57,36.38,-5.52776388194097,0
58,33.36,2.8064032016007996,1
59,40.23,1.9159579789894945,1
60,26.11,8.119059529764883,0
61,43.19,0.5352676338169076,1
62,38.04,-6.578289144572286,0
63,25.82,-3.686843421710855,0
64,20.08,0.9954977488744365,1
65,44.98,-5.867933966983492,0
66,35.0,-7.078539269634817,0
67,40.54,-1.5757878939469734,0
68,57.96,6.358179089544773,1
69,29.18,7.12856428214107,0
70,26.78,-5.797898949474737,0
71,51.66,7.0985492746373176,0
72,34.2,-2.186093046523262,0
73,51.87,-1.105552776388194,0
74,45.36,1.685842921460731,1
75,45.73,5.707853926963482,0
76,44.28,-8.689344672336167,0
77,29.85,-3.9669834917458733,0
78,25.44,4.7973986993496744,0
79,40.78,-7.578789394697349,0
80,30.94,5.077538769384692,0
81,37.35,6.238119059529765,0
82,47.75,-3.6368184092046025,0
83,35.06,-4.177088544272136,0
84,39.62,6.118059029514757,0
85,57.14,6.628314157078538,1
86,52.65,9.03951975987994,0
87,37.69,-0.21510755377688895,0
88,18.42,2.9264632316158075,0
89,42.81,6.878439219609806,0
90,39.39,-9.269634817408704,0
91,44.39,-3.706853426713357,0
92,58.15,-6.95847923961981,0
93,19.76,-9.129564782391196,0
94,53.23,-9.899949974987495,0
95,30.27,-4.207103551775888,0
96,53.63,-6.63831915957979,0
97,31.49,6.078039019509756,0
98,40.94,-7.808904452226113,0
99,53.82,-7.9289644822411205,0
100,35.33,-9.169584792396199,0
101,31.57,-7.0085042521260625,0
102,27.1,8.88944472236118,0
103,55.57,4.837418709354678,1
104,59.41,3.246623311655828,1
105,55.94,-0.055027513756877866,0
106,44.54,7.058529264632316,0
107,30.75,-5.9379689844922465,0
108,59.96,-0.12506253126563394,0
109,42.86,3.9969984992496244,1
110,53.59,8.939469734867433,1
111,48.55,5.607803901950975,0
112,52.18,8.629314657328663,1
113,40.69,-3.0565282641320666,0
114,58.99,9.789894947473737,1
115,54.77,-4.377188594297149,0
116,43.82,1.505752876438219,1
117,30.04,-6.028014007003502,0
118,42.58,-9.419709854927463,0
119,59.85,9.609804902451224,1
120,55.25,4.007003501750875,1
121,57.73,-0.5952976488244133,0
122,45.69,1.6658329164582284,1
123,21.89,1.3556778389194601,1
124,30.0,9.989994997498748,0
125,30.86,-4.777388694347174,0
126,33.69,-5.67783891945973,0
127,20.31,5.757878939469734,0
128,40.27,-0.4352176088044022,0
129,53.34,8.839419709854926,1
130,52.35,-3.3966983491745877,0
131,36.99,-9.479739869934967,0
132,27.98,5.717858929464732,0
133,23.57,-1.7658829414707355,0
134,21.53,-3.8469234617308654,0
135,37.96,0.4952476238119061,1
136,36.13,6.2981490745372675,0
137,24.72,0.9554777388694351,1
138,29.24,6.678339169584792,0
139,46.03,5.927963981990995,1
140,58.68,5.907953976988495,1
141,44.47,-3.096548274137069,0
142,23.02,-6.568284142071036,0
143,27.43,7.958979489744873,0
144,19.83,-2.6163081540770383,0
145,32.52,1.7358679339669827,1
146,20.37,8.949474737368682,0
147,50.21,9.469734867433715,0
148,20.48,-3.186593296648324,0
149,43.59,-1.3856928464232112,0
150,54.16,0.9754877438719358,1
151,28.67,-5.877938969484743,0
152,24.18,-7.718859429714858,0
153,58.78,-4.267133566783392,0
154,41.43,-7.518759379689845,0
155,51.83,-4.857428714357178,0
156,23.4,6.158079039519759,0
157,40.63,-9.2096048024012,0
158,54.03,-3.586793396698349,0
159,28.63,8.819409704852426,0
160,56.95,9.619809904952476,1
161,27.35,2.876438219109554,0
162,18.69,-9.789894947473737,0
163,42.69,1.1855927963981987,1
164,50.29,-7.868934467233617,0
165,42.94,5.457728864432216,0
166,34.93,4.927463731865933,0
167,58.32,-9.499749874937468,0
168,58.13,-2.726363181590796,0
169,45.63,3.5767883941970986,1
170,39.6,6.588294147073537,0
171,30.33,-3.7968984492246127,0
172,47.33,5.067533766883441,1
173,56.07,3.9369684842421204,1
174,39.18,-5.787893946973487,0
175,49.16,5.1375687843921956,1
176,57.16,6.758379189594798,1
177,54.1,-6.848424212106053,0
178,41.95,7.318659329664833,0
179,19.26,9.899949974987493,0
180,31.45,-8.499249624812407,0
181,31.26,-5.137568784392196,0
182,31.95,-4.507253626813407,0
183,41.24,-6.268134067033516,0
184,37.6,-8.929464732366183,0
185,38.09,8.659329664832416,0
186,41.38,-4.767383691845923,0
187,24.05,-1.715857928964482,0
188,40.25,-4.437218609304653,0
189,34.58,-0.4552276138069029,0
190,35.35,-2.916458229114557,0
191,29.28,0.2251125562781393,1
192,33.76,-0.005002501250626068,0
193,46.32,1.1755877938969483,1
194,30.1,6.538269134567283,0
195,59.94,-4.487243621810905,0
196,42.16,-7.268634317158579,0
197,22.22,2.3561780890445227,0
198,51.45,-5.5377688844422215,0
199,48.3,-0.3851925962981486,0
200,45.4,-5.487743871935968,0
201,39.83,-4.027013506753377,0
202,42.9,-1.8459229614807402,0
203,48.13,8.029014507253628,0
204,33.17,1.4357178589294648,1
205,37.16,-4.827413706853427,0
206,32.56,9.299649824912457,0
207,52.25,2.2261130565282645,1
208,43.42,2.606303151575787,1
209,53.11,0.21510755377688895,1
210,27.01,-2.0060030015007504,0
211,51.11,-7.508754377188595,0
212,56.47,-6.598299149574787,0
213,37.48,7.77888944472236,0
214,45.0,-2.766383191595798,0
215,51.89,-1.165582791395698,0
216,59.77,2.056028014007003,1
217,25.16,5.727863931965983,0
218,26.28,-3.896948474237119,0
219,51.3,8.969484742371186,0
220,23.11,-2.366183091545773,0
221,20.82,1.0355177588794398,1
222,39.58,5.2876438219109545,0
223,52.23,9.289644822411205,0
224,36.97,6.3881940970485225,0
225,51.43,-4.88744372186093,0
226,26.87,3.5667833916958482,0
227,36.2,-1.8059029514757388,0
228,39.09,8.149074537268636,0
229,35.94,3.586793396698349,0
230,26.51,-4.567283641820911,0
231,53.0,-8.429214607303653,0
232,46.22,5.477738869434717,0
233,26.91,6.058029014507252,0
234,28.97,3.1365682841420703,0
235,50.52,-2.4462231115557778,0
236,41.68,7.648824412206103,0
237,51.95,4.637318659329665,1
238,40.96,-6.358179089544772,0
239,33.11,9.37968984492246,0
240,39.37,-9.849924962481241,0
241,30.69,-4.71735867933967,0
242,52.79,-7.878939469734867,0
243,52.67,-9.769884942471236,0
244,26.43,-6.168084042021011,0
245,37.79,-0.42521260630315183,0
246,48.82,4.137068534267133,1
247,40.52,0.4552276138069029,1
248,45.57,0.3451725862931454,1
249,29.03,6.418209104552275,0
250,28.72,3.736868434217108,0
251,25.14,-0.015007503751876428,0
252,27.85,-5.917958979489745,0
253,48.93,5.467733866933466,1
254,46.34,4.527263631815908,1
255,48.74,6.2081040520260125,0
256,44.26,2.6263131565782896,1
257,53.55,1.775887943971986,1
258,33.57,-8.099049524762382,0
259,48.0,-3.3566783391695854,0
260,39.22,2.3161580790395195,1
261,32.2,-6.9184592296148075,0
262,50.42,-0.2651325662831425,0
263,26.97,7.538769384692344,0
264,57.86,8.069034517258629,1
265,19.72,-7.018509254627314,0
266,50.9,4.537268634317158,1
267,24.28,4.757378689344671,0
268,52.54,4.8274137068534255,1
269,26.15,-6.508254127063532,0
270,39.51,2.81640820410205,1
271,30.21,5.417708854427213,0
272,55.15,-4.1570785392696346,0
273,23.17,4.72736368184092,0
274,33.09,-3.8769384692346174,0
275,43.46,3.066533266633316,1
276,41.55,-6.738369184592296,0
277,58.63,3.6568284142071033,1
278,21.82,3.43671835917959,0
279,20.73,1.3656828414207105,0
280,51.81,-6.648324162081041,0
281,42.96,3.8469234617308654,1
282,29.62,-3.1465732866433216,0
283,45.04,-0.9954977488744383,0
284,45.8,-8.329164582291146,0
285,39.87,3.5367683841920954,1
286,19.45,-5.267633816908455,0
287,42.41,-10.0,0
288,25.35,4.89744872436218,0
289,22.33,-8.519259629814908,0
290,31.82,1.0555277638819405,1
291,41.99,-2.816408204102051,0
292,54.96,1.745872936468233,1
293,38.88,-2.826413206603302,0
294,24.37,-7.8389194597298655,0
295,34.81,-7.368684342171086,0
296,47.08,-2.7863931965982998,0
297,20.96,-0.9254627313656822,0
298,43.51,-0.10505252626313144,0
299,53.61,3.2966483241620814,1
300,22.5,5.007503751875937,0
301,56.93,4.147073536768383,1
302,56.28,-2.9364682341170587,0
303,48.89,5.6878439219609795,1
304,57.69,-6.15807903951976,0
305,31.68,-2.8064032016008005,0
306,31.66,-6.718359179589795,0
307,59.14,-9.139569784892446,0
308,32.92,1.005502751375687,1
309,54.52,-0.8854427213606808,0
310,29.87,-0.7653826913456729,0
311,39.35,5.547773886943471,0
312,54.56,2.1960980490245117,1
313,39.3,8.189094547273637,0
314,56.53,-3.9469734867433717,0
315,32.14,0.5152576288144068,1
316,18.82,-6.198099049524762,0
317,44.66,-9.109554777388695,0
318,44.35,9.329664832416206,0
319,30.23,7.868934467233615,0
320,32.94,-1.1855927963981987,0
321,49.77,5.6578289144572285,1
322,57.35,4.287143571785892,1
323,26.82,-4.697348674337169,0
324,51.2,3.2666333166583286,1
325,36.03,2.2861430715357667,1
326,50.4,1.8859429714857434,1
327,58.55,-5.287643821910955,0
328,38.93,-0.8354177088544272,0
329,35.63,-7.568784392196099,0
330,30.65,-0.24512256128064003,0
331,41.05,-4.687343671835918,0
332,21.55,-2.946473236618309,0
333,22.87,2.5862931465732864,0
334,36.78,9.419709854927465,0
335,19.22,-2.736368184092046,0
336,47.12,7.9289644822411205,0
337,56.03,-3.736868434217109,0
338,30.12,-9.369684842421211,0
339,25.94,0.8154077038519265,1
340,18.8,0.8254127063531769,1
341,44.1,-8.299149574787394,0
342,48.19,-1.3556778389194601,0
343,44.37,-0.2951475737868936,0
344,51.32,-9.289644822411205,0
345,38.3,7.078539269634817,0
346,50.46,-8.219109554777388,0
347,53.47,-1.5857928964482237,0
348,44.05,8.309154577288645,0
349,45.67,-8.449224612306153,0
350,55.76,1.5757878939469734,1
351,34.49,-7.938969484742371,0
352,51.13,-5.987993996998499,0
353,27.29,-9.559779889944972,0
354,41.47,-7.158579289644822,0
355,40.57,-9.709854927463732,0
356,43.0,6.14807403701851,0
357,35.23,0.14507253626813466,1
358,51.01,1.405702851425712,1
359,21.72,-7.168584292146074,0
360,41.83,4.067033516758379,1
361,22.39,2.9864932466233114,0
362,20.23,4.177088544272136,0
363,36.91,-0.03501750875437715,0
364,30.25,3.7568784392196086,0
365,22.9,5.567783891945972,0
366,40.15,7.948974487243621,0
367,29.26,8.229114557278638,0
368,22.06,3.0165082541270625,0
369,22.01,2.846423211605803,0
370,45.31,6.188094047023512,0
371,23.15,7.28864432216108,0
372,31.38,-6.31815907953977,0
373,22.71,1.6158079039519748,0
374,28.13,8.809404702351173,0
375,29.74,-9.799899949974987,0
376,32.75,-2.606303151575788,0
377,55.34,3.9069534767383693,1
378,31.15,-9.409704852426213,0
379,28.95,-5.907953976988495,0
380,22.27,0.855427713856928,1
381,24.07,2.0960480240120063,0
382,19.62,-0.2551275637818904,0
383,31.03,-5.337668834417209,0
384,33.21,-6.278139069534768,0
385,26.95,9.389694847423712,0
386,46.7,5.117558779389695,1
387,53.19,8.049024512256128,1
388,44.83,3.836918459229615,1
389,45.38,5.097548774387192,1
390,20.77,-5.5077538769384695,0
391,38.76,-8.029014507253628,0
392,49.12,-1.535767883941972,0
393,32.35,6.778389194597299,0
394,43.28,3.216608304152075,1
395,58.61,-7.178589294647324,0
396,53.49,-8.799399699849925,0
397,24.2,-9.389694847423712,0
398,49.41,-2.79639819909955,0
399,23.92,-8.379189594797399,0
400,34.24,-1.505752876438219,0
401,35.69,-9.68984492246123,0
402,59.6,8.669334667333665,1
403,53.99,1.9759879939969984,1
404,59.01,9.099549774887443,1
405,38.55,4.157078539269634,0
406,43.72,6.718359179589793,0
407,43.78,-1.2656328164082051,0
408,47.98,9.579789894947474,0
409,19.01,-0.4052026013006511,0
410,51.85,3.526763381690845,1
411,33.19,5.307653826913457,0
412,54.41,0.025012506253126787,1
413,55.88,9.309654827413706,1
414,23.86,1.345672836418208,1
415,31.93,-3.5667833916958482,0
416,30.52,-0.4752376188094054,0
417,33.4,4.967483741870936,0
418,53.3,-6.438219109554778,0
419,37.9,-4.997498749374688,0
420,45.99,-0.28514257128564324,0
421,38.72,0.9854927463731862,1
422,48.02,-3.3666833416708357,0
423,28.57,-2.8364182091045524,0
424,30.06,9.86993496748374,0
425,21.17,0.3151575787893943,1
426,47.2,-6.228114057028515,0
427,49.24,-6.688344172086043,0
428,55.19,3.0865432716358168,1
429,52.63,8.3991995997999,1
430,43.95,8.009004502251123,0
431,48.63,-7.278639319659829,0
432,57.0,8.459229614807402,1
433,19.66,-0.5152576288144068,0
434,48.42,0.8654327163581783,1
435,44.73,6.248124062031014,0
436,59.79,3.8169084542271126,1
437,55.13,-7.668834417208604,0
438,39.89,5.947973986993496,0
439,23.53,-0.6453226613306651,0
440,25.33,-0.855427713856928,0
441,35.82,-2.306153076538269,0
442,56.76,3.9169584792396197,1
443,27.56,9.249624812406203,0
444,42.35,-9.149574787393696,0
445,45.08,-5.767883941970986,0
446,27.66,-7.978989494747374,0
447,28.44,-2.8964482241120564,0
448,58.17,6.728364182091045,1
449,19.34,8.289144572286144,0
450,22.45,-1.595797898949474,0
451,48.8,0.705352676338169,1
452,41.49,-3.0765382691345673,0
453,32.22,-4.007003501750876,0
454,45.25,3.4167083541770875,1
455,30.29,-2.176088044022011,0
456,51.41,4.027013506753375,1
457,55.0,-4.757378689344672,0
458,28.36,-0.615307653826914,0
459,40.61,5.447723861930966,0
460,36.87,3.1965982991495743,1
461,38.34,9.809904952476238,0
462,44.49,7.7488744372186105,0
463,38.46,-4.897448724362182,0
464,44.75,8.339169584792394,0
465,31.78,8.509254627313656,0
466,36.15,7.768884442221111,0
467,50.8,-5.367683841920961,0
468,27.64,9.119559779889943,0
469,50.44,-7.248624312156078,0
470,54.81,6.48824412206103,1
471,54.79,0.35517758879439754,1
472,58.47,9.749874937468732,1
473,58.91,4.227113556778388,1
474,43.07,-2.856428214107054,0
475,35.48,-8.24912456228114,0
476,47.04,1.1255627813906948,1
477,26.55,8.59929964982491,0
478,45.33,9.479739869934967,0
479,31.07,2.4662331165582785,1
480,47.94,-8.969484742371186,0
481,34.68,-3.406703351675838,0
482,54.54,-3.066533266633317,0
483,54.2,-8.999499749874937,0
484,27.16,-0.3651825912956479,0
485,36.7,-2.236118059029515,0
486,36.59,3.4267133566783397,0
487,55.73,-4.967483741870936,0
488,44.2,0.395197598799399,1
489,21.78,4.957478739369684,0
490,58.82,-4.357178589294647,0
491,20.9,6.008004002001002,0
492,22.96,-4.86743371685843,0
493,55.17,7.59879939969985,1
494,25.54,-2.206103051525763,0
495,46.51,-1.0355177588794398,0
496,22.24,9.19959979989995,0
497,38.91,0.2951475737868936,1
498,21.91,7.578789394697349,0
499,37.43,-6.878439219609805,0
500,36.22,0.26513256628314075,1
501,24.03,2.4062031015507745,0
502,34.26,-9.539769884942471,0
503,48.76,-2.7463731865932965,0
504,26.09,1.4157078539269623,1
505,46.74,9.449724862431214,0
506,21.05,4.107053526763382,0
507,46.91,4.507253626813407,1
508,34.35,-0.1150575287643818,0
509,56.83,6.01800900450225,1
510,37.67,-7.308654327163582,0
511,55.1,-2.706353176588294,0
512,32.12,-3.746873436718359,0
513,27.73,1.0755377688844412,1
514,32.04,-3.5167583791895947,0
515,32.58,6.548274137068535,0
516,38.11,-9.459729864932466,0
517,33.65,-0.2251125562781393,0
518,33.82,1.9359679839919952,1
519,43.61,7.688844422211105,0
520,46.99,0.23511755877938967,1
521,38.49,2.856428214107053,1
522,23.99,2.0360180090045024,0
523,38.23,-6.868434217108554,0
524,42.12,3.12656328164082,1
525,58.11,0.5452726363181579,1
526,54.6,9.349674837418707,1
527,45.78,2.9664832416208107,1
528,58.53,0.5252626313156572,1
529,25.1,1.8959479739869938,0
530,51.57,-9.21960980490245,0
531,40.71,2.8864432216108042,1
532,57.25,-8.789394697348675,0
533,55.67,3.0465232616308153,1
534,57.98,-8.979489744872437,0
535,21.57,-3.776888444222111,0
536,21.76,2.576288144072036,0
537,20.92,-5.847923961980991,0
538,27.2,-5.017508754377189,0
539,42.52,-5.577788894447224,0
540,32.88,6.398199099549775,0
541,44.7,-3.0465232616308153,0
542,24.35,-8.489244622311155,0
543,37.77,4.457228614307153,0
544,26.07,6.578289144572285,0
545,52.48,-8.769384692346174,0
546,44.52,0.3851925962981486,1
547,51.78,-2.1560780390195102,0
548,52.27,5.177588794397199,1
549,52.92,7.7988994497248605,0
550,44.56,4.677338669334667,1
551,49.94,-3.2966483241620814,0
552,24.09,-1.2056028014007012,0
553,45.29,-2.396198099049525,0
554,27.54,9.829914957478739,0
555,19.53,-6.038019009504753,0
556,51.55,-0.9354677338669344,0
557,29.79,9.499749874937468,0
558,49.45,2.366183091545773,1
559,55.71,0.44522261130565255,1
560,34.43,-5.727863931965983,0
561,36.74,-4.577288644322161,0
562,24.49,0.16508254127063537,1
563,36.93,4.307153576788394,0
564,24.43,3.406703351675837,0
565,32.67,-1.255627813906953,0
566,47.96,4.077038519259629,1
567,20.84,1.2856428214107058,1
568,40.86,-3.956978489244623,0
569,34.47,-6.0880440220110055,0
570,51.74,6.448224112056028,1
571,50.99,-8.049024512256128,0
572,39.24,3.7668834417208608,0
573,25.75,-8.38919459729865,0
574,23.63,-6.788394197098549,0
575,29.43,9.52976488244122,0
576,46.39,-2.5662831415707856,0
577,23.44,1.595797898949474,1
578,39.41,4.4272136068034005,0
579,37.22,2.5262631315657824,1
580,35.42,2.756378189094548,1
581,44.12,-6.588294147073537,0
582,59.08,-8.019009504752376,0
583,35.4,-2.4762381190595297,0
584,18.67,-4.22711355677839,0
585,36.51,5.147573786893446,0
586,32.6,0.7253626813406697,1
587,37.1,6.288144072036019,0
588,44.07,-8.589294647323662,0
589,29.3,6.648324162081039,0
590,56.13,7.878939469734867,1
591,35.12,2.2561280640320156,1
592,37.5,8.059029514757377,0
593,41.78,9.589794897448723,0
594,35.96,-9.239619809904953,0
595,36.45,-8.40920460230115,0
596,27.58,9.559779889944974,0
597,37.85,-0.30515257628814396,0
598,58.93,-8.549274637318659,0
599,52.52,-6.32816408204102,0
600,18.0,-1.5557778889444727,0
601,21.11,-2.5262631315657833,0
602,49.83,9.029514757378688,0
603,32.33,8.999499749874936,0
604,48.72,-4.307153576788394,0
605,28.46,1.7958979489744866,1
606,29.39,8.429214607303653,0
607,58.09,1.3356678339169576,1
608,40.84,-2.886443221610806,0
609,20.19,8.349174587293646,0
610,59.58,-9.1895947973987,0
611,54.92,-4.167083541770886,0
612,39.43,7.7088544272136055,0
613,59.83,2.7963981990995492,1
614,40.21,7.918959479739868,0
615,51.72,-7.238619309654828,0
616,27.18,9.279639819909953,0
617,35.8,1.9259629814907449,1
618,50.88,-7.048524262131066,0
619,43.91,-4.847423711855928,0
620,20.75,-2.696348174087044,0
621,45.75,6.128064032016006,0
622,48.99,-2.5562781390695353,0
623,53.21,-0.8054027013506762,0
624,23.74,-7.138569284642321,0
625,22.48,7.628814407203603,0
626,51.26,6.938469234617308,1
627,40.04,5.977988994497249,0
628,59.33,-7.90895447723862,0
629,45.59,4.977488744372186,0
630,43.25,0.8954477238619312,1
631,55.8,-2.2261130565282645,0
632,53.76,5.327663831915958,1
633,18.36,7.0085042521260625,0
634,46.57,7.208604302151073,0
635,21.7,8.759379689844923,0
636,20.06,-8.069034517258629,0
637,20.56,2.2461230615307652,0
638,38.53,7.988994497248623,0
639,47.39,-4.517258629314657,0
640,38.21,6.438219109554776,0
641,43.57,-8.569284642321161,0
642,23.25,8.639319659829916,0
643,20.0,-8.909454727363682,0
644,26.93,-4.317158579289645,0
645,28.15,-8.229114557278638,0
646,55.82,8.959479739869934,1
647,46.43,9.189594797398698,0
648,36.95,5.987993996998499,0
649,26.76,-5.417708854427214,0
650,41.8,1.655827913956978,1
651,40.0,2.476238119059529,1
652,21.0,1.4257128564282144,0
653,45.96,4.6473236618309155,1
654,28.69,-4.407203601800901,0
655,48.51,1.2956478239119562,1
656,47.52,-9.729864932466233,0
657,57.29,4.617308654327163,1
658,50.0,-2.426213106553277,0
659,58.38,-6.47823911955978,0
660,33.48,-2.6463231615807903,0
661,45.46,7.248624312156078,0
662,26.89,7.148574287143571,0
663,28.53,0.6653326663331658,1
664,31.17,7.338669334667333,0
665,25.9,5.027513756878438,0
666,39.12,-3.43671835917959,0
667,49.33,7.818909454727365,0
668,27.6,-2.8764382191095548,0
669,53.15,7.048524262131064,1
670,54.37,3.6968484242121065,1
671,59.31,0.045022511255627506,1
672,22.77,-9.469734867433717,0
673,33.67,0.13506753376688252,1
674,54.31,-5.447723861930966,0
675,31.3,-4.947473736868434,0
676,38.28,-3.28664332166083,0
677,48.17,8.919459729864933,0
678,33.51,-6.778389194597299,0
679,54.75,8.379189594797399,1
680,48.78,-5.51775887943972,0
681,20.44,9.129564782391196,0
682,19.05,-4.23711855927964,0
683,39.91,4.117058529264632,0
684,34.03,-4.427213606803402,0
685,45.94,-9.919959979989995,0
686,55.46,6.868434217108554,1
687,55.36,7.388694347173587,1
688,31.24,3.5467733866933457,0
689,22.54,6.338169084542269,0
690,52.75,-7.9589794897448725,0
691,42.33,-0.48524262131065576,0
692,59.35,-5.307653826913457,0
693,49.66,1.015507753876939,1
694,35.46,-1.1255627813906948,0
695,41.2,-2.63631815907954,0
696,33.55,-8.829414707353678,0
697,23.19,7.178589294647324,0
698,57.75,-6.8284142071035525,0
699,47.23,-3.5367683841920963,0
700,48.34,-5.637818909454728,0
701,38.7,-6.148074037018509,0
702,41.28,-7.488744372186093,0
703,41.59,-2.1260630315157583,0
704,23.08,1.225612806403202,1
705,25.06,-7.11855927963982,0
706,36.76,-0.6653326663331676,0
707,21.61,0.7853926963481737,1
708,42.18,-2.6863431715857935,0
709,47.92,-8.149074537268634,0
710,19.39,0.9154577288644319,1
711,19.28,2.6863431715857917,0
712,39.64,-6.108054027013507,0
713,42.29,4.557278639319659,1
714,45.17,-3.5467733866933466,0
715,38.86,4.217108554277138,0
716,58.76,8.699349674837418,1
717,38.82,8.72936468234117,0
718,33.13,2.7763881940970485,1
719,55.55,-0.8654327163581801,0
720,35.67,-8.08904452226113,0
721,32.18,-0.7353676838419219,0
722,38.44,6.708354177088545,0
723,58.89,8.439219609804901,1
724,44.24,-4.637318659329665,0
725,20.63,-5.427713856928464,0
726,34.37,-4.1270635317658835,0
727,49.07,1.4857428714357184,1
728,59.68,-0.32516258129064646,0
729,21.3,0.37518759379689826,1
730,57.71,2.936468234117058,1
731,28.8,5.767883941970984,0
732,47.18,4.207103551775887,1
733,56.58,-0.16508254127063537,0
734,30.73,8.129064532266131,0
735,29.22,-0.8254127063531769,0
736,42.06,0.015007503751876428,1
737,37.33,8.989494747373687,0
738,34.01,-4.297148574287144,0
739,30.19,-9.059529764882441,0
740,19.7,-2.416208104052026,0
741,24.66,1.8559279639819906,0
742,57.65,3.6668334167083536,1
743,18.88,-7.948974487243621,0
744,54.47,5.297648824412205,1
745,20.1,-3.466733366683342,0
746,48.91,-4.107053526763382,0
747,40.46,-6.838419209604803,0
748,46.66,8.54927463731866,0
749,51.99,6.4282141070535275,1
750,56.81,2.6463231615807903,1
751,23.27,7.5287643821910955,0
752,21.15,-8.679339669834917,0
753,38.51,3.226613306653327,1
754,49.05,9.319659829914958,0
755,51.15,-9.969984992496249,0
756,29.6,6.6983491745872925,0
757,19.85,-2.336168084042021,0
758,25.08,1.165582791395698,1
759,48.23,-5.737868934467234,0
760,18.92,-0.17508754377188573,0
761,33.61,0.2551275637818904,1
762,41.03,3.0565282641320657,1
763,29.14,5.577788894447224,0
764,19.55,-8.939469734867433,0
765,47.6,9.649824912456229,0
766,54.12,5.127563781890945,1
767,52.42,9.66983491745873,1
768,31.74,5.857928964482241,0
769,21.26,-1.965982991495748,0
770,30.17,-8.23911955977989,0
771,51.51,-4.667333666833417,0
772,34.64,-1.9859929964982488,0
773,19.41,9.459729864932466,0
774,26.3,-0.3351675837918968,0
775,30.88,-7.418709354677339,0
776,30.35,-1.6358179089544773,0
777,24.51,-7.3786893446723365,0
778,36.68,2.916458229114557,1
779,20.65,4.017008504252125,0
780,29.05,-4.55727863931966,0
781,29.45,6.8184092046023,0
782,53.65,-7.188594297148574,0
783,42.79,9.39969984992496,0
784,52.14,-6.858429214607304,0
785,42.02,-5.407703851925963,0
786,44.79,1.7258629314657323,1
787,34.83,0.6853426713356683,1
788,55.9,7.718859429714858,1
789,58.45,-4.797398699349675,0
790,26.99,6.968484242121061,0
791,18.74,-0.525262631315659,0
792,34.33,-9.659829914957479,0
793,46.72,0.6753376688344161,1
794,41.51,7.368684342171086,0
795,45.23,-5.027513756878439,0
796,37.88,-7.408704352176088,0
797,30.42,-6.728364182091045,0
798,26.13,6.898449224612307,0
799,52.31,6.7883941970985475,0
800,27.94,-8.619309654827413,0
801,37.39,0.5052526263131565,1
802,32.83,-2.3161580790395195,0
803,26.57,3.336668334167083,0
804,59.24,-3.1065532766383193,0
805,43.17,-7.038519259629815,0
806,42.27,5.52776388194097,1
807,44.85,9.9799899949975,0
808,47.46,-5.547773886943472,0
809,27.03,8.23911955977989,0
810,40.08,2.0460230115057527,1
811,22.83,-9.569784892446224,0
812,22.12,3.556778389194596,0
813,53.97,4.1870935467733865,1
814,55.61,-7.638819409704853,0
815,26.66,9.48974487243622,0
816,53.72,2.386193096548274,1
817,40.36,-4.737368684342171,0
818,34.77,8.169084542271136,0
819,26.05,-1.8359179589794898,0
820,37.98,-2.3461730865432715,0
821,53.09,-8.479239619809904,0
822,58.7,6.738369184592294,1
823,58.26,9.919959979989994,1
824,50.15,4.477238619309654,1
825,21.4,1.965982991495748,0
826,59.73,-8.179089544772387,0
827,36.64,-9.629814907453726,0
828,24.7,2.7163581790895446,0
829,19.68,-4.257128564282141,0
830,55.06,-1.9459729864932473,0
831,33.88,-8.459229614807404,0
832,37.64,1.7558779389694852,1
833,42.54,-1.7858929464732363,0
834,28.86,-6.768384192096049,0
835,56.87,5.237618809404703,1
836,57.02,5.99799899949975,1
837,58.95,-8.639319659829916,0
838,59.22,9.149574787393696,1
839,41.89,6.348174087043521,0
840,49.81,4.467233616808404,1
841,36.72,-5.707853926963482,0
842,44.64,8.789394697348673,0
843,57.79,5.1075537768884445,1
844,32.79,-6.3681840920460235,0
845,22.18,0.1150575287643818,1
846,59.62,6.228114057028513,1
847,38.15,-7.7788894447223615,0
848,39.45,6.928464232116056,0
849,43.11,-4.337168584292146,0
850,18.59,-6.5482741370685345,0
851,57.92,3.706853426713357,1
852,51.36,-1.2956478239119562,0
853,18.97,1.8759379689844913,0
854,38.42,-4.277138569284642,0
855,57.46,2.63631815907954,1
856,50.67,-2.1360680340170086,0
857,41.15,7.728864432216106,0
858,50.65,4.437218609304653,1
859,33.74,-5.347673836918459,0
860,59.71,8.849424712356178,1
861,49.98,-8.629314657328663,0
862,50.31,-6.528264132066033,0
863,34.05,0.9654827413706855,1
864,25.67,-6.988494247123562,0
865,18.76,0.12506253126563216,1
866,41.74,-7.208604302151075,0
867,21.32,9.159579789894948,0
868,53.91,-7.098549274637319,0
869,33.44,-9.819909954977488,0
870,51.24,-6.238119059529765,0
871,46.47,-4.0670335167583795,0
872,58.49,2.3461730865432706,1
873,46.81,-5.257628814407203,0
874,52.84,3.1065532766383193,1
875,20.16,3.676838419209604,0
876,57.31,3.2366183091545775,1
877,18.25,2.086043021510754,0
878,49.2,7.508754377188595,1
879,29.47,9.21960980490245,0
880,57.77,-7.59879939969985,0
881,40.8,-3.4767383691845923,0
882,46.6,3.7268634317158575,1
883,27.31,-0.7453726863431722,0
884,51.97,-6.018009004502251,0
885,43.34,2.5962981490745367,1
886,38.32,8.4192096048024,0
887,27.87,9.439719859929966,0
888,29.68,-2.4962481240620313,0
889,28.82,3.9769884942471236,0
890,57.9,-4.927463731865933,0
891,26.19,2.6163081540770374,0
892,38.38,-3.7868934467233615,0
893,23.9,8.099049524762382,0
894,30.67,-8.319159579789895,0
895,23.69,-3.126563281640821,0
896,25.4,1.1355677838919451,1
897,30.71,-1.0655327663831926,0
898,38.67,-0.9554777388694351,0
899,50.82,-4.457228614307153,0
900,35.84,-0.2751375687843929,0
901,48.15,-6.338169084542271,0
902,28.0,-1.4657328664332177,0
903,29.16,4.547273636818408,0
904,56.41,0.6553276638319154,1
905,37.12,1.2356178089044523,1
906,50.34,8.529264632316156,0
907,46.49,-9.889944972486242,0
908,46.26,0.7353676838419201,1
909,25.46,4.817408704352175,0
910,59.26,0.17508754377188573,1
911,59.05,7.668834417208604,1
912,18.95,3.096548274137069,0
913,52.29,8.86943471735868,0
914,56.6,5.69784892446223,1
915,57.27,3.2866433216608293,1
916,57.21,1.8359179589794898,1
917,26.26,-9.959979989994997,0
918,41.26,-2.0660330165082543,0
919,56.16,9.169584792396197,0
920,56.01,6.258129064532266,1
921,40.19,5.797898949474737,0
922,36.34,4.777388694347174,0
923,42.04,-0.9154577288644319,0
924,30.14,1.8159079539769873,1
925,55.48,-8.139069534767383,0
926,49.73,-7.888944472236118,0
927,45.15,6.888444222111055,0
928,27.48,-3.9369684842421213,0
929,21.28,3.316658329164582,0
930,59.29,0.48524262131065576,1
931,37.37,-8.309154577288645,0
932,24.83,-2.3861930965482747,0
933,44.14,-7.398699349674837,0
934,34.62,-8.009004502251125,0
935,46.15,3.3866933466733364,1
936,43.44,-0.5452726363181597,0
937,24.93,3.396698349174587,0
938,36.32,8.449224612306153,0
939,49.49,-9.649824912456229,0
940,23.36,8.589294647323662,0
941,22.73,-6.698349174587294,0
942,29.66,2.976488244122061,0
943,40.59,-5.117558779389695,0
944,44.62,5.017508754377188,0
945,18.17,8.799399699849925,0
946,30.82,-7.148574287143572,0
947,43.02,-3.1765882941470736,0
948,33.8,-5.68784392196098,0
949,52.9,4.327163581790895,1
950,51.93,-0.6853426713356683,0
951,58.05,1.0855427713856933,1
952,21.07,-2.326163081540771,0
953,49.01,-0.8754377188594304,0
954,37.06,-9.809904952476238,0
955,31.05,-9.779889944972487,0
956,25.31,5.51775887943972,0
957,49.31,6.908454227113555,0
958,54.5,-0.6353176588294147,0
959,42.5,-4.5272636318159085,0
960,50.55,8.279139569784892,0
961,48.95,-6.398199099549775,0
962,55.84,1.5357678839419702,1
963,21.51,-5.327663831915958,0
964,41.22,-8.07903951975988,0
965,18.19,-8.599299649824912,0
966,39.28,3.6068034017008497,0
967,37.73,0.24512256128064003,1
968,47.62,5.2176088044022,1
969,35.88,1.3956978489244616,1
970,26.7,-1.9159579789894945,0
971,35.31,7.158579289644823,0
972,51.03,-3.7668834417208608,0
973,18.44,-1.7558779389694852,0
974,56.55,-8.3991995997999,0
975,23.71,5.537768884442221,0
976,52.37,6.268134067033515,1
977,27.12,8.879439719859928,0
978,24.74,-5.467733866933467,0
979,47.67,9.17958979489745,0
980,48.7,4.127063531765883,1
981,39.93,7.558779389694848,0
982,41.32,-8.339169584792396,0
983,26.24,-1.475737868934468,0
984,53.86,-5.03751875937969,0
985,25.5,-1.2756378189094555,0
986,35.29,-1.2356178089044523,0
987,27.75,6.468234117058529,0
988,44.6,-1.9759879939969984,0
989,51.76,6.66833416708354,1
990,25.04,9.239619809904951,0
991,49.89,5.627813906953476,1
992,58.03,-5.597798899449725,0
993,49.47,1.6958479239619813,1
994,20.12,4.3371685842921455,0
995,41.66,9.719859929964983,0
996,45.27,-3.216608304152076,0
997,25.56,0.09504752376188108,1
998,39.96,-4.017008504252126,0
999,23.97,3.8569284642321158,0
1000,56.24,3.4767383691845914,1
1001,38.17,6.8284142071035525,0
1002,29.81,4.267133566783391,0
1003,19.93,-4.2471235617808905,0
1004,48.49,-2.846423211605803,0
1005,24.47,1.0955477738869437,1
1006,36.36,0.6353176588294147,1
1007,50.73,9.909954977488745,0
1008,50.25,-1.415707853926964,0
1009,49.03,-2.266133066533267,0
1010,29.51,5.247623811905953,0
1011,19.79,-9.229614807403703,0
1012,31.91,2.076038019009504,1
1013,49.7,8.519259629814908,0
1014,43.13,8.159079539769884,0
1015,18.55,1.2156078039019498,0
1016,52.6,-6.008004002001001,0
1017,20.4,-0.5552776388194101,0
1018,18.08,2.206103051525762,0
1019,37.94,9.229614807403703,0
1020,33.93,-4.987493746873437,0
1021,23.32,6.97848924462231,0
1022,35.86,7.518759379689843,0
1023,29.58,-1.1155577788894444,0
1024,25.23,-9.909954977488745,0
1025,51.39,-8.4192096048024,0
1026,22.98,7.428714357178588,0
1027,52.88,7.828914457228613,0
1028,57.08,2.306153076538269,1
1029,25.48,-5.057528764382191,0
1030,22.75,-8.739369684842421,0
1031,45.19,6.19809904952476,1
1032,57.67,-7.258629314657329,0
1033,54.64,3.8769384692346165,1
1034,26.8,7.358679339669834,0
1035,40.17,5.557778889444721,0
1036,40.75,-7.648824412206103,0
1037,42.6,6.748374187093546,0
1038,38.99,5.057528764382191,0
1039,19.16,-5.35767883941971,0
1040,50.5,-1.1555777888944476,0
1041,34.79,-5.977988994497249,0
1042,27.06,-4.327163581790896,0
1043,32.27,-0.5852926463231611,0
1044,35.38,0.5952976488244115,1
1045,59.45,-4.387193596798399,0
1046,20.14,-2.1660830415207606,0
1047,52.1,-3.3266633316658334,0
1048,18.9,7.018509254627315,0
1049,29.77,-3.4467233616808404,0
1050,51.28,-4.1870935467733865,0
1051,42.56,9.109554777388695,0
1052,57.94,-1.225612806403202,0
1053,24.87,5.677838919459729,0
1054,52.73,-5.147573786893447,0
1055,28.19,-5.887943971985993,0
1056,39.14,3.646823411705853,0
1057,57.5,-6.708354177088545,0
1058,45.44,-2.9964982491245626,0
1059,25.37,-8.69934967483742,0
1060,18.27,-3.316658329164582,0
1061,32.46,-1.9259629814907449,0
1062,47.56,1.195597798899449,1
1063,25.77,1.2656328164082034,1
1064,28.99,6.038019009504751,0
1065,24.56,-2.5962981490745376,0
1066,47.29,9.519759879939969,0
1067,54.43,-1.0055027513756887,0
1068,23.59,5.20760380190095,0
1069,34.3,-6.908454227113557,0
1070,48.84,7.168584292146072,0
1071,21.24,-6.818409204602301,0
1072,21.45,-1.8859429714857434,0
1073,34.56,4.087043521760879,0
1074,48.28,4.687343671835917,1
1075,31.32,8.26913456728364,0
1076,22.66,-2.546273136568284,0
1077,28.06,8.489244622311155,0
1078,50.57,7.188594297148573,1
1079,18.84,-1.5457728864432223,0
1080,59.18,3.956978489244621,1
1081,57.37,-1.8559279639819906,0
1082,39.56,-6.048024012006003,0
1083,47.79,-2.516258129064532,0
1084,53.53,7.028514257128563,1
1085,37.08,-0.07503751875938036,0
1086,46.28,-5.99799899949975,0
1087,36.62,7.258629314657327,0
1088,54.71,2.396198099049524,1
1089,19.6,4.587293646823412,0
1090,42.83,7.298649324662332,0
1091,40.31,1.3856928464232112,1
1092,48.26,-7.91895947973987,0
1093,18.57,1.565782891445723,0
1094,31.76,-2.2461230615307652,0
1095,50.59,0.8454227113556776,1
1096,21.42,-7.498749374687344,0
1097,49.43,5.227613806903451,1
1098,39.16,4.767383691845923,0
1099,52.71,-2.216108054027014,0
1100,46.89,-5.157578789394697,0
1101,41.07,-1.2856428214107058,0
1102,19.51,7.938969484742369,0
1103,36.41,-4.907453726863432,0
1104,28.9,-5.777888944472236,0
1105,35.5,-3.8869434717358677,0
1106,49.79,8.859429714857427,0
1107,48.59,1.2456228114057026,1
1108,58.19,0.4352176088044022,1
1109,19.18,3.6168084042021,0
1110,22.6,-9.51975987993997,0
1111,31.36,-1.9959979989994991,0
1112,50.69,4.447223611805903,1
1113,44.33,7.548774387193596,0
1114,53.68,9.01950975487744,1
1115,45.5,-7.288644322161081,0
1116,34.22,2.8364182091045524,1
1117,56.45,6.61830915457729,1
1118,20.33,6.7983991995998,0
1119,36.8,-9.639819909954978,0
1120,22.31,-9.309654827413707,0
1121,22.56,0.8754377188594287,1
1122,58.34,2.666333166583291,1
1123,22.64,1.3256628314157073,0
1124,25.71,-2.6563281640820415,0
1125,56.34,-4.807403701850926,0
1126,50.76,-5.717858929464732,0
1127,42.08,-6.62831415707854,0
1128,56.85,3.5067533766883443,1
1129,59.39,4.847423711855928,1
1130,20.98,-5.617808904452226,0
1131,37.54,3.946973486743371,0
1132,28.88,-9.159579789894947,0
1133,22.52,0.6253126563281644,1
1134,25.58,-3.7568784392196104,0
1135,22.69,-9.299649824912457,0
1136,53.8,-0.7153576788394194,0
1137,27.37,7.848924462231114,0
1138,42.39,6.498249124562282,0
1139,52.33,-3.4267133566783397,0
1140,35.73,-9.739869934967484,0
1141,32.77,-9.17958979489745,0
1142,46.93,-2.4662331165582794,0
1143,34.72,2.2161080540270124,1
1144,38.36,-3.0165082541270634,0
1145,48.32,7.638819409704851,0
1146,59.54,0.47523761880940363,1
1147,43.88,8.359179589794898,0
1148,39.2,2.9064532266133067,1
1149,41.62,-9.099549774887445,0
1150,29.49,-6.288144072036018,0
1151,50.02,-5.497748874437219,0
1152,45.71,7.30865432716358,0
1153,24.79,-8.509254627313657,0
1154,23.38,0.2751375687843911,1
1155,21.68,0.945472736368183,1
1156,55.42,-6.418209104552276,0
1157,35.59,5.0475237618809405,0
1158,19.11,7.808904452226113,0
1159,43.8,8.569284642321161,0
1160,55.02,-1.015507753876939,0
1161,33.15,-5.097548774387194,0
1162,26.22,-8.269134567283642,0
1163,56.72,3.4467233616808404,1
1164,58.4,5.817908954477238,1
1165,20.5,-4.477238619309655,0
1166,21.8,6.848424212106053,0
1167,31.72,1.255627813906953,1
1168,59.87,3.166583291645823,1
1169,21.47,0.055027513756877866,1
1170,37.71,8.409204602301148,0
1171,30.98,-7.388694347173587,0
1172,22.37,-1.0855427713856933,0
1173,54.85,-8.369184592296149,0
1174,43.55,-8.849424712356178,0
1175,49.96,1.6458229114557277,1
1176,33.59,-6.348174087043522,0
1177,37.58,4.997498749374687,0
1178,45.21,-5.6278139069534765,0
1179,40.33,-6.9784892446223115,0
1180,42.71,9.799899949974986,0
1181,30.44,0.40520260130064933,1
1182,21.74,-3.926963481740871,0
1183,25.96,-7.088544272136068,0
1184,44.81,-0.3151575787893943,0
1185,36.01,2.2761380690345163,1
1186,46.3,-3.2066033016508255,0
1187,24.62,6.50825412706353,0
1188,19.03,-7.218609304652326,0
1189,24.64,7.568784392196097,0
1190,36.89,6.278139069534767,0
1191,43.93,3.5167583791895947,1
1192,54.83,-6.758379189594797,0
1193,30.59,-4.597298649324663,0
1194,51.47,-4.727363681840921,0
1195,29.37,-6.068034017008504,0
1196,40.65,-7.688844422211106,0
1197,22.81,4.167083541770886,0
1198,39.47,6.838419209604801,0
1199,24.95,4.807403701850925,0
1200,40.29,-3.676838419209605,0
1201,56.66,-9.049524762381191,0
1202,26.03,7.488744372186094,0
1203,50.04,5.347673836918458,1
1204,21.13,3.486743371685842,0
1205,40.88,2.516258129064532,1
1206,34.28,3.9669834917458733,0
1207,23.13,8.55927963981991,0
1208,49.64,-1.7958979489744866,0
1209,23.23,4.947473736868433,0
1210,49.62,-5.857928964482241,0
1211,44.22,-6.078039019509755,0
1212,26.17,-2.026013006503252,0
1213,46.36,-4.957478739369685,0
1214,33.9,-5.947973986993497,0
1215,24.81,2.4362181090545274,0
1216,46.45,2.3761880940470235,1
1217,58.84,9.949974987493746,1
1218,47.77,4.197098549274637,1
1219,18.63,-6.138069034517258,0
1220,47.86,7.888944472236119,0
1221,33.02,2.016008004002,1
1222,36.28,7.498749374687343,0
1223,25.42,-7.548774387193597,0
1224,18.71,-3.656828414207104,0
1225,50.1,8.679339669834917,1
1226,55.65,1.6358179089544773,1
1227,21.19,9.339669834917459,0
1228,46.41,-8.159079539769884,0
1229,27.41,1.1155577788894444,1
1230,55.97,2.1860930465232613,1
1231,30.5,5.427713856928463,0
1232,25.69,-9.379689844922462,0
1233,50.71,1.8459229614807402,1
1234,19.64,-8.87943971985993,0
1235,30.8,-1.3956978489244634,0
1236,32.96,-3.9969984992496252,0
1237,32.5,-3.4567283641820916,0
1238,28.11,5.647823911955978,0
1239,55.4,-4.6773386693346675,0
1240,18.48,-1.5257628814407198,0
1241,41.97,-5.317658829414707,0
1242,41.85,6.598299149574785,0
1243,20.61,-9.829914957478739,0
1244,18.5,-1.0455227613806901,0
1245,20.42,2.4462231115557778,0
1246,43.74,6.088044022011005,0
1247,59.98,-9.259629814907454,0
1248,49.1,3.986993496748374,1
1249,30.46,-8.649324662331166,0
1250,47.06,9.139569784892444,1
1251,23.42,-6.928464232116058,0
1252,38.02,7.218609304652325,0
1253,28.51,5.257628814407203,0
1254,44.87,6.378189094547274,0
1255,53.93,2.1260630315157574,1
1256,41.72,5.5977988994497245,0
1257,50.84,-1.1955977988994508,0
1258,26.59,7.228614307153578,0
1259,23.21,9.969984992496247,0
1260,34.16,7.348674337168585,0
1261,52.58,-3.0265132566283146,0
1262,22.2,8.10905452726363,0
1263,54.29,-0.8154077038519265,0
1264,25.98,6.028014007003502,0
1265,27.96,-7.988994497248624,0
1266,19.95,-8.919459729864933,0
1267,57.06,5.157578789394696,1
1268,50.94,6.6083041520760375,0
1269,54.87,-8.579289644822412,0
1270,56.18,-3.6968484242121065,0
1271,28.32,-8.72936468234117,0
1272,39.49,-5.6578289144572285,0
1273,54.89,8.649324662331164,1
1274,42.75,0.5652826413206604,1
1275,34.96,-2.0760380190095047,0
1276,24.89,-8.539269634817408,0
1277,31.47,8.389194597298648,0
1278,23.95,-1.3056528264132066,0
1279,22.16,0.33516758379189504,1
1280,37.27,-2.9264632316158083,0
1281,25.21,-1.7258629314657323,0
1282,42.62,-6.188094047023512,0
1283,26.85,-2.9864932466233123,0
1284,32.69,-8.279139569784892,0
1285,48.21,-9.83991995997999,0
1286,52.04,2.426213106553277,1
1287,43.65,9.079539769884942,0
1288,36.57,8.68934467233617,0
1289,35.77,2.5662831415707856,1
1290,45.42,3.7868934467233615,1
1291,18.23,-3.4167083541770884,0
1292,58.59,-6.2081040520260125,0
1293,50.38,5.897948974487242,1
1294,43.4,1.0255127563781894,1
1295,44.41,-3.6068034017008506,0
1296,55.23,4.71735867933967,1
1297,49.37,5.937968984492246,1
1298,53.7,-9.439719859929966,0
1299,50.08,-3.226613306653327,0
1300,28.65,-8.119059529764883,0
1301,57.39,-7.358679339669835,0
1302,32.25,5.377688844422211,0
1303,45.52,-1.6658329164582302,0
1304,45.88,2.116058029014507,1
1305,53.13,4.707353676838419,1
1306,57.44,-5.827913956978489,0
1307,19.47,5.737868934467233,0
1308,18.15,-9.599799899949975,0
1309,46.87,-1.4257128564282144,0
1310,28.3,5.03751875937969,0
1311,22.92,-1.0955477738869437,0
1312,47.58,5.957978989494746,1
1313,27.79,-9.9799899949975,0
1314,56.2,0.06503251625812823,1
1315,51.05,-6.0580290145072535,0
1316,33.25,-7.428714357178589,0
1317,49.22,7.118559279639818,0
1318,21.09,-0.44522261130565255,0
1319,56.49,9.089544772386194,1
1320,33.95,9.599799899949975,0
1321,21.97,-8.109054527263632,0
1322,59.56,0.8054027013506744,1
1323,53.78,6.218109054527265,1
1324,49.18,-3.616808404202101,0
1325,38.74,-8.349174587293646,0
1326,49.39,-0.5352676338169093,0
1327,40.12,5.83791895947974,0
1328,27.08,-0.9854927463731862,0
1329,31.11,7.408704352176088,0
1330,24.26,-6.748374187093547,0
1331,56.09,-7.3486743371685845,0
1332,54.24,-4.537268634317159,0
1333,27.5,1.9559779889944977,1
1334,22.08,-8.86943471735868,0
1335,33.84,-1.4957478739369687,0
1336,31.7,4.357178589294646,0
1337,40.02,-1.4357178589294648,0
1338,50.86,-4.08704352176088,0
1339,41.93,1.625812906453227,1
1340,45.61,3.796898449224612,1
1341,43.3,9.009504752376188,0
1342,39.77,3.0765382691345664,1
1343,44.89,-9.67983991995998,0
1344,42.25,-9.609804902451225,0
1345,59.2,2.486243121560779,1
1346,59.16,-0.8454227113556776,0
1347,25.84,7.738869434717358,0
1348,54.33,-5.457728864432216,0
1349,37.81,7.8389194597298655,0
1350,56.97,7.3986993496748354,1
1351,39.07,5.7478739369684835,0
1352,33.0,-7.6088044022011,0
1353,36.3,-7.658829414707354,0
1354,20.25,8.21910955477739,0
1355,36.09,-5.66783391695848,0
1356,38.57,-0.41520760380190147,0
1357,28.38,0.08504252126063072,1
1358,44.77,-1.2156078039019516,0
1359,30.63,-9.009504752376188,0
1360,47.54,6.94847423711856,0
1361,25.12,4.567283641820911,0
1362,56.89,-3.1365682841420712,0
1363,47.5,5.867933966983491,1
1364,28.42,-0.7853926963481737,0
1365,29.56,1.0655327663831908,1
1366,33.06,4.4072036018009,0
1367,33.34,-4.657328664332166,0
1368,28.27,-3.306653326663332,0
1369,21.66,2.456228114057028,0
1370,43.99,8.249124562281139,0
1371,34.54,1.4557278639319655,1
1372,33.38,2.266133066533266,1
1373,56.39,5.407703851925962,1
1374,21.95,-7.10855427713857,0
1375,47.9,6.63831915957979,0
1376,20.86,1.7058529264632316,0
1377,43.84,-9.249624812406203,0
1378,19.87,-8.439219609804903,0
1379,45.84,4.23711855927964,1
1380,31.09,5.847923961980991,0
1381,59.5,-6.618309154577289,0
1382,34.87,-8.169084542271136,0
1383,52.86,0.7753876938469233,1
1384,19.58,3.7468734367183583,0
1385,40.44,-0.7753876938469233,0
1386,56.43,5.277638819409704,1
1387,32.54,5.367683841920961,0
1388,19.3,6.528264132066031,0
1389,43.97,3.6368184092046025,1
1390,52.77,0.3651825912956479,1
1391,43.7,-9.319659829914958,0
1392,29.64,-8.839419709854928,0
1393,23.04,-1.7458729364682348,0
1394,27.45,5.667833916958479,0
1395,34.7,6.658329164582291,0
1396,22.14,-7.328664332166083,0
1397,19.32,6.478239119559781,0
1398,20.67,-1.8159079539769891,0
1399,25.88,3.1765882941470736,0
1400,52.12,3.376688344172086,1
1401,37.62,1.315657828914457,1
1402,54.94,-7.588794397198599,0
1403,40.9,3.2066033016508246,1
1404,31.97,8.209104552276138,0
1405,27.92,-6.4582291145572785,0
1406,37.29,8.019009504752376,0
1407,34.07,8.899449724862432,0
1408,24.3,4.297148574287144,0
1409,22.41,-0.6753376688344179,0
1410,23.29,4.937468734367183,0
1411,46.85,3.3566783391695836,1
1412,44.91,-5.897948974487243,0
1413,27.62,-2.976488244122061,0
1414,19.49,-1.5157578789394694,0
1415,55.69,4.657328664332166,1
1416,21.03,1.9059529764882441,0
1417,22.1,1.865932966483241,0
1418,54.58,-8.189094547273637,0
1419,52.5,8.199099549774886,1
1420,28.78,2.6763381690845414,0
1421,40.06,-3.986993496748374,0
1422,54.73,7.138569284642319,1
1423,25.86,9.959979989994999,0
1424,18.32,1.5557778889444727,0
1425,53.51,-8.859429714857429,0
1426,48.68,-3.3866933466733364,0
1427,46.05,6.768384192096047,0
1428,53.05,2.706353176588294,1
1429,53.42,-3.8269134567283647,0
1430,58.8,4.487243621810904,1
1431,29.01,8.139069534767383,0
1432,47.73,-6.498249124562282,0
1433,27.77,-2.9664832416208107,0
1434,38.78,-0.6053026513256636,0
1435,25.63,7.038519259629815,0
1436,19.97,-0.9454727363681847,0
1437,24.85,-9.19959979989995,0
1438,45.12,7.43871935967984,0
1439,49.54,-9.759879939969984,0
1440,31.99,-9.119559779889945,0
1441,49.52,-7.74887443721861,0
1442,39.54,5.397698849424712,0
1443,58.36,0.1850925462731361,1
1444,59.1,3.886943471735867,1
1445,35.02,-1.135567783891947,0
1446,24.41,2.696348174087044,0
1447,59.47,-6.258129064532266,0
1448,23.61,6.32816408204102,0
1449,50.48,-6.7983991995998,0
1450,34.39,9.739869934967484,0
1451,41.76,6.098049024512257,0
1452,36.43,-3.346673336668334,0
1453,43.15,8.299149574787393,0
1454,31.34,2.7463731865932957,0
1455,55.5,-4.147073536768384,0
1456,56.74,-4.87743871935968,0
1457,48.57,-0.9754877438719358,0
1458,31.43,9.549774887443721,0
1459,49.87,8.259129564782391,0
1460,27.9,-0.06503251625813,0
1461,48.09,-1.7358679339669845,0
1462,25.25,-9.719859929964983,0
1463,58.0,-7.968984492246124,0
1464,39.7,1.8259129564782395,1
1465,28.84,5.087543771885942,0
1466,57.54,-8.669334667333667,0
1467,38.59,3.896948474237119,1
1468,41.53,9.83991995997999,0
1469,56.64,-0.37518759379689826,0
1470,54.62,-2.086043021510756,0
1471,48.86,-3.6668334167083545,0
1472,42.44,-9.339669834917459,0
1473,27.83,-4.057028514257128,0
1474,34.14,-9.859929964982491,0
1475,43.09,8.769384692346172,0
1476,44.31,2.726363181590795,1
1477,30.31,0.42521260630315183,1
1478,20.58,-6.658329164582291,0
1479,59.64,-0.5652826413206604,0
1480,31.89,2.8964482241120564,0
1481,48.38,-7.618809404702351,0
1482,34.85,-6.938469234617308,0
1483,36.53,-7.708854427213607,0
1484,18.78,0.7453726863431704,1
1485,37.18,3.496748374187094,0
1486,45.9,4.747373686843421,0
1487,20.35,-6.118059029514757,0
1488,59.92,-5.747873936968484,0
1489,57.33,9.929964982491246,1
1490,52.69,0.5852926463231611,1
1491,32.62,9.729864932466231,0
1492,33.46,-5.217608804402201,0
1493,33.72,-7.058529264632316,0
1494,34.6,1.1555777888944476,1
1495,28.74,-0.09504752376188108,0
1496,47.02,8.979489744872435,0
1497,48.65,6.568284142071036,0
1498,31.59,-5.957978989494747,0
1499,23.55,-8.259129564782391,0
1500,49.56,2.9564782391195585,1
1501,24.32,9.369684842421211,0
1502,33.27,-8.70935467733867,0
1503,41.91,-1.1455727863931973,0
1504,50.23,6.368184092046022,1
1505,19.81,-7.0685342671335665,0
1506,41.13,-2.7763881940970485,0
1507,35.04,-1.875937968984493,0
1508,42.14,-3.27663831915958,0
1509,27.24,4.877438719359679,0
1510,35.27,7.978989494747374,0
1511,57.56,-0.08504252126063072,0
1512,46.24,-5.0775387693846925,0
1513,47.88,-0.14507253626813466,0
1514,33.23,-4.367183591795898,0
1515,39.72,-4.4972486243121566,0
1516,29.07,7.278639319659831,0
1517,52.06,8.479239619809903,0
1518,44.03,-6.248124062031016,0
1519,36.24,-9.429714857428714,0
1520,42.23,6.858429214607302,0
1521,45.82,7.458729364682341,0
1522,37.52,3.1165582791395696,1
1523,50.17,-5.2276138069034515,0
1524,51.68,-3.4867433716858427,0
1525,28.04,-2.756378189094548,0
1526,30.9,8.719359679839918,0
1527,49.91,-7.558779389694847,0
1528,47.69,1.5157578789394694,1
1529,27.52,3.346673336668333,0
1530,59.03,9.429714857428714,1
1531,37.2,-4.587293646823412,0
1532,34.75,4.597298649324662,0
1533,43.67,9.209604802401198,0
1534,29.93,-9.869934967483742,0
1535,54.08,-0.705352676338169,0
1536,41.17,-3.556778389194598,0
1537,54.45,9.53976988494247,0
1538,49.85,-2.0160080040020016,0
1539,34.66,-6.968484242121061,0
1540,57.88,3.826913456728363,1
1541,29.11,4.907453726863432,0
1542,57.04,-4.447223611805903,0
1543,31.01,2.32616308154077,1
1544,38.65,3.276638319159579,1
1545,37.04,0.30515257628814396,1
1546,20.29,9.779889944972485,0
1547,29.83,4.397198599299649,0
1548,31.64,-9.619809904952476,0
1549,47.25,2.5562781390695353,1
1550,29.7,-2.296148074037019,0
1551,30.61,-5.087543771885943,0
1552,32.16,7.068534267133565,0
1553,32.9,8.08904452226113,0
1554,28.34,4.8874437218609295,0
1555,46.97,0.8854427213606808,1
1556,57.48,1.105552776388194,1
1557,39.05,1.4957478739369687,1
1558,28.93,3.156578289144571,0
1559,54.68,-9.98999499749875,0
1560,19.37,-1.565782891445723,0
1561,27.33,-8.289144572286144,0
1562,33.97,7.10855427713857,0
1563,38.97,6.30815407703852,0
1564,57.1,-4.937468734367184,0
1565,56.05,-0.3451725862931472,0
1566,19.07,10.0,0
1567,28.17,5.587793896948474,0
1568,34.91,8.57928964482241,0
1569,53.95,8.829414707353678,1
1570,23.67,-1.935967983991997,0
1571,58.51,8.079039519759878,1
1572,38.25,-1.7058529264632316,0
1573,41.45,-7.028514257128564,0
1574,36.66,-6.888444222111056,0
1575,44.16,4.517258629314657,1
1576,41.7,-7.198599299649825,0
1577,53.4,-9.699849924962482,0
1578,52.16,-9.66983491745873,0
1579,56.3,7.328664332166081,1
1580,33.63,-7.448724362181091,0
1581,47.71,8.609304652326163,0
1582,58.07,-1.3656828414207105,0
1583,43.76,0.615307653826914,1
1584,31.4,-7.478739369684842,0
1585,20.02,1.7858929464732363,0
1586,46.13,9.679839919959978,0
1587,23.46,-4.467233616808405,0
1588,52.46,-3.3366683341670837,0
1589,29.41,-7.818909454727364,0
1590,26.38,-6.678339169584793,0
1591,34.89,8.73936968484242,0
1592,51.64,-6.448224112056028,0
1593,41.64,-2.666333166583292,0
1594,20.69,-9.749874937468734,0
1595,30.08,-3.196598299149575,0
1596,53.07,6.99849924962481,1
1597,30.96,6.17808904452226,0
1598,29.91,3.716858429214607,0
1599,52.94,1.4657328664332159,1
1600,38.63,0.6053026513256619,1
1601,51.53,-1.685842921460731,0
1602,24.6,-6.378189094547274,0
1603,59.12,7.088544272136069,1
1604,23.06,9.859929964982491,0
1605,26.72,-0.15507753876938501,0
1606,58.74,-8.88944472236118,0
1607,57.52,9.84992496248124,1
1608,33.53,2.3361680840420203,1
1609,26.34,4.607303651825912,0
1610,30.48,-3.626813406703352,0
1611,55.29,-0.35517758879439754,0
1612,51.6,-5.397698849424713,0
1613,49.75,-6.298149074537269,0
1614,52.21,3.036518259129565,1
1615,42.37,0.9354677338669326,1
1616,37.92,4.347173586793396,0
1617,55.52,0.41520760380190147,1
1618,18.38,-4.347173586793397,0
1619,38.13,-7.458729364682341,0
1620,43.23,-1.3456728364182098,0
1621,28.61,-5.927963981990995,0
1622,32.06,-5.557778889444722,0
1623,55.63,-0.7253626813406697,0
1624,54.98,0.8354177088544272,1
1625,47.37,4.037018509254628,1
1626,46.76,0.2051025512756368,1
1627,55.92,-7.858929464732366,0
1628,46.64,-5.067533766883442,0
1629,27.22,1.2756378189094537,1
1630,54.26,-2.9564782391195603,0
1631,28.4,-3.1165582791395696,0
1632,41.34,-9.879939969984992,0
1633,44.58,-3.036518259129565,0
1634,35.14,-1.4457228614307152,0
1635,22.85,-0.1350675337668843,0
1636,21.63,6.958479239619809,0
1637,39.66,-6.4282141070535275,0
1638,54.35,-1.8259129564782395,0
1639,18.02,4.4972486243121566,0
1640,42.1,-8.749374687343671,0
1641,21.49,5.787893946973487,0
1642,47.27,-5.647823911955978,0
1643,57.12,-8.609304652326163,0
1644,51.18,-1.655827913956978,0
1645,25.73,-1.1755877938969483,0
1646,24.77,8.779389694847424,0
1647,55.08,2.786393196598299,1
1648,35.56,-3.9169584792396197,0
1649,20.04,8.70935467733867,0
1650,25.61,-4.707353676838419,0
1651,58.21,3.306653326663332,1
1652,24.22,-9.949974987493746,0
1653,27.81,-2.116058029014508,0
1654,27.39,4.367183591795898,0
1655,32.39,-5.587793896948474,0
1656,32.01,6.108054027013505,0
1657,49.26,-5.247623811905953,0
1658,18.11,-9.079539769884942,0
1659,42.48,4.7373686843421705,0
1660,25.29,1.3056528264132066,1
1661,50.19,1.4457228614307152,1
1662,51.62,-3.246623311655828,0
1663,42.92,8.369184592296147,0
1664,41.41,-8.469234617308654,0
1665,28.02,3.186593296648324,0
1666,23.65,-0.6253126563281644,0
1667,42.77,-4.837418709354678,0
1668,52.81,-4.6173086543271635,0
1669,59.43,-2.056028014007004,0
1670,26.68,6.408204102051027,0
1671,35.08,4.41720860430215,0
1672,59.37,3.1465732866433207,1
1673,56.91,9.659829914957477,1
1674,56.37,9.629814907453728,1
1675,40.42,-5.177588794397199,0
1676,21.87,-9.279639819909955,0
1677,48.4,-0.9054527263631815,0
1678,37.14,3.466733366683341,1
1679,59.66,-8.759379689844923,0
1680,18.04,-0.23511755877938967,0
1681,35.92,-6.388194097048524,0
1682,48.05,0.3251625812906447,1
1683,47.81,4.577288644322161,1
1684,59.81,-2.5862931465732872,0
1685,37.41,-4.0970485242621315,0
1686,28.09,0.5552776388194101,1
1687,54.66,-1.075537768884443,0
1688,42.88,-2.3561780890445227,0
1689,18.13,9.639819909954976,0
1690,50.06,-3.0865432716358185,0
1691,51.22,-1.315657828914457,0
1692,36.49,-7.788894447223612,0
1693,58.24,9.769884942471236,1
1694,40.1,-0.19509754877438823,0
1695,25.19,1.805902951475737,0
1696,44.18,8.039019509754876,0
1697,50.92,-0.2051025512756386,0
1698,29.98,2.7363681840920453,0
1699,24.39,7.378689344672335,0
1700,54.39,5.167583791895948,1
1701,30.77,-5.83791895947974,0
1702,33.42,5.187593796898449,0
1703,57.81,8.179089544772385,1
1704,37.83,9.939969984992494,0
1705,54.18,2.826413206603302,1
1706,25.0,6.168084042021011,0
1707,31.8,-2.5062531265632817,0
1708,55.99,9.35967983991996,1
1709,18.4,1.6758379189594788,0
1710,32.48,-3.156578289144573,0
1711,55.31,5.1975987993996995,1
1712,41.01,7.788894447223612,0
1713,39.75,-5.187593796898449,0
1714,39.26,-8.949474737368684,0
1715,21.93,2.9964982491245618,0
1716,46.68,-3.7268634317158584,0
1717,25.02,-4.6473236618309155,0
1718,20.52,-0.5052526263131565,0
1719,53.89,9.699849924962482,1
1720,46.01,-2.146073036518259,0
1721,45.1,7.698849424712357,0
1722,30.38,8.499249624812407,0
1723,42.73,2.236118059029515,1
1724,36.55,0.46523261630815327,1
1725,55.38,2.5062531265632817,1
1726,53.84,8.319159579789893,0
1727,30.92,-3.866933466733367,0
1728,36.05,-1.3256628314157073,0
1729,40.99,-3.2666333166583295,0
1730,33.3,-1.6158079039519766,0
1731,37.46,-0.5752876438219108,0
1732,36.85,4.317158579289645,0
1733,23.34,5.887943971985992,0
1734,53.74,0.15507753876938501,1
1735,56.79,-1.9559779889944977,0
1736,48.61,7.90895447723862,0
1737,50.63,-2.6263131565782896,0
1738,50.36,-6.178089044522261,0
1739,26.74,-4.627313656828415,0
1740,39.79,-6.9484742371185595,0
1741,43.53,4.0970485242621315,1
1742,19.13,1.6058029014507245,0
1743,34.45,8.329164582291146,0
1744,43.36,-8.209104552276138,0
1745,30.54,2.0060030015007495,1
1746,31.28,-1.2456228114057026,0
1747,41.57,4.697348674337167,0
1748,53.17,-7.43871935967984,0
1749,49.58,-3.806903451725863,0
1750,19.91,0.7653826913456729,1
1751,49.6,-3.9069534767383693,0
1752,21.21,-5.297648824412207,0
1753,53.02,-2.0460230115057527,0
1754,48.53,-7.628814407203602,0
1755,52.44,9.759879939969984,0
1756,46.95,6.988494247123562,0
1757,20.88,-3.166583291645823,0
1758,34.41,-2.0960480240120063,0
1759,27.69,7.858929464732366,0
1760,22.35,0.6453226613306651,1
1761,38.0,2.766383191595798,1
1762,38.95,-0.6553276638319154,0
1763,58.28,-3.9769884942471236,0
1764,48.44,-5.277638819409705,0
1765,46.09,5.267633816908454,0
1766,59.75,-3.836918459229615,0
1767,22.94,-8.039019509754878,0
1768,37.25,-2.3761880940470235,0
1769,49.68,4.917458729364682,1
1770,28.25,-2.6763381690845423,0
1771,26.45,-1.6058029014507262,0
1772,25.79,-6.468234117058529,0
1773,24.58,-3.716858429214607,0
1774,48.36,5.387693846923462,1
1775,58.97,-9.589794897448725,0
1776,44.45,7.658829414707352,0
1777,43.32,-5.007503751875938,0
1778,50.97,-3.8169084542271134,0
1779,45.92,-7.768884442221111,0
1780,29.72,9.889944972486244,0
1781,51.91,4.2471235617808905,1
1782,33.04,6.688344172086044,0
1783,29.53,-0.6953476738369186,0
1784,29.89,-9.019509754877438,0
1785,51.34,2.4962481240620313,1
1786,32.29,-3.5767883941970986,0
1787,37.31,7.678839419709856,0
1788,53.26,3.806903451725862,1
1789,43.86,0.5752876438219108,1
1790,41.87,-9.929964982491246,0
1791,19.09,-1.625812906453227,0
1792,46.11,-9.399699849924962,0
1793,32.71,-1.0255127563781894,0
1794,19.74,2.1060530265132567,0
1795,28.23,4.257128564282141,0
1796,39.01,-0.7553776888444226,0
1797,47.41,-9.35967983991996,0
1798,26.64,-4.417208604302151,0
1799,33.32,2.1560780390195102,1
1800,31.87,-2.9064532266133067,0
1801,57.42,-4.817408704352176,0
1802,49.14,5.617808904452225,0
1803,18.29,-3.5967983991996,0
1804,25.52,6.5182591295647825,0
1805,40.48,-3.2366183091545775,0
1806,46.07,-5.757878939469735,0
1807,46.53,-2.486243121560781,0
1808,51.07,-8.819409704852426,0
1809,47.65,0.7153576788394194,1
1810,40.92,0.28514257128564324,1
1811,48.07,-7.4687343671835915,0
1812,57.18,-6.998499249624812,0
1813,35.21,2.146073036518258,1
1814,30.02,-4.39719859929965,0
1815,35.25,-7.12856428214107,0
1816,50.27,-5.377688844422211,0
1817,42.31,5.357678839419709,0
1818,23.8,-8.779389694847424,0
1819,18.61,0.19509754877438645,1
1820,35.75,8.929464732366181,0
1821,56.22,7.268634317158579,1
1822,29.32,-6.4882441220610305,0
1823,56.7,-6.218109054527264,0
1824,40.4,0.7553776888444226,1
1825,38.84,-1.4857428714357184,0
1826,36.11,-2.276138069034517,0
1827,58.3,-1.3356678339169594,0
1828,22.43,-9.03951975987994,0
1829,58.87,-4.117058529264632,0
1830,56.68,-0.8954477238619312,0
1831,52.96,3.626813406703352,1
1832,35.65,8.469234617308654,0
1833,21.38,3.776888444222111,0
1834,49.35,-5.807903951975988,0
1835,31.85,-8.71935967983992,0
1836,23.5,-9.52976488244122,0
1837,54.05,-5.237618809404703,0
1838,20.27,-2.7163581790895446,0
1839,41.3,1.9859929964982488,1
1840,35.9,7.608804402201098,0
1841,44.96,1.1455727863931955,1
1842,31.53,1.5457728864432205,1
1843,25.27,0.9054527263631815,1
1844,23.84,9.879939969984992,0
1845,24.53,9.259629814907452,0
1846,38.07,4.377188594297149,0
1847,52.98,5.777888944472236,1
1848,20.54,9.50975487743872,0
1849,58.57,5.437718859429715,1
1850,26.01,4.2771385692846415,0
1851,22.03,4.857428714357178,0
1852,32.41,2.946473236618308,0
1853,43.21,-5.0475237618809405,0
1854,24.68,2.296148074037019,0
1855,18.21,-9.489744872436217,0
1856,39.03,-5.5677838919459735,0
1857,21.34,9.04952476238119,0
1858,36.26,-3.376688344172086,0
1859,19.43,1.4757378689344662,0
1860,42.65,5.317658829414707,0
1861,28.76,-9.939969984992496,0
1862,24.91,-5.4777388694347176,0
1863,53.36,6.138069034517258,1
1864,38.8,7.758879439719859,0
1865,21.36,-2.456228114057029,0
1866,35.1,-9.549774887443721,0
1867,58.42,1.5857928964482237,1
1868,32.64,-8.989494747373687,0
1869,38.4,-5.127563781890945,0
1870,35.52,-1.6458229114557277,0
1871,23.76,6.558279139569784,0
1872,45.86,-7.728864432216108,0
1873,32.31,-6.558279139569785,0
1874,37.01,5.497748874437217,0
1875,33.78,-0.025012506253126787,0
1876,57.63,8.619309654827415,1
1877,39.68,2.6563281640820406,1
1878,46.55,-5.1075537768884445,0
1879,26.36,8.749374687343671,0
1880,38.19,-2.4362181090545274,0
1881,43.49,2.416208104052025,1
1882,45.65,3.256628314157078,1
1883,32.37,-2.576288144072036,0
1884,52.39,-7.738869434717358,0
1885,40.82,6.318159079539768,0
1886,29.95,-6.5182591295647825,0
1887,24.01,7.998999499749875,0
1888,52.08,-1.4057028514257137,0
1889,47.48,5.967983991995997,1
1890,47.1,-4.607303651825913,0
1891,51.7,-4.197098549274638,0
1892,43.63,3.6868434217108543,1
1893,44.01,-6.30815407703852,0
1894,46.78,-2.5362681340670337,0
1895,46.83,-6.128064032016008,0
1896,36.07,-7.318659329664833,0
1897,45.54,7.198599299649825,0
1898,20.21,0.6953476738369186,1
1899,23.48,-3.526763381690846,0
1900,49.28,7.448724362181089,0
1901,21.59,-9.029514757378688,0
1902,47.44,0.795397698849424,1
1903,20.79,-4.287143571785893,0
1904,57.6,1.7658829414707355,1
1905,31.19,-3.8569284642321167,0
1906,36.83,-7.678839419709854,0
1907,48.47,-2.0360180090045024,0
1908,47.14,-4.977488744372186,0
1909,26.49,-6.898449224612307,0
1910,59.89,4.627313656828413,1
1911,34.18,5.807903951975987,0
1912,48.11,-1.8959479739869938,0
1913,22.79,9.269634817408704,0
1914,48.97,-9.449724862431216,0
1915,33.99,7.968984492246122,0
1916,34.98,-7.298649324662332,0
1917,20.46,-2.2561280640320165,0
1918,29.35,9.569784892446222,0
1919,40.67,1.715857928964482,1
1920,19.24,-8.199099549774887,0
1921,29.09,3.866933466733366,0
1922,52.02,0.07503751875937859,1
1923,37.75,-5.9679839919959985,0
1924,28.21,4.867433716858429,0
1925,20.94,-0.9654827413706855,0
1926,24.14,9.059529764882441,0
1927,24.16,7.238619309654826,0
1928,24.11,6.068034017008504,0
1929,44.43,-5.697848924462232,0
1930,18.99,7.588794397198598,0
1931,46.2,4.987493746873437,1
1932,39.81,0.03501750875437715,1
1933,44.68,-8.659329664832416,0
1934,41.11,6.808404202101052,0
1935,46.62,-1.775887943971986,0
1936,55.21,1.3756878439219609,1
1937,55.86,5.5077538769384695,1
1938,51.09,-5.437718859429715,0
1939,44.94,-0.045022511255627506,0
1940,39.33,7.46873436718359,0
1941,53.44,-1.6758379189594805,0
1942,41.36,-2.4062031015507754,0
1943,45.06,-4.787393696848424,0
1944,56.11,-6.408204102051025,0
1945,22.58,2.1660830415207606,0
1946,36.47,6.458229114557277,0
1947,53.38,-9.069534767383692,0
1948,42.2,-4.037018509254628,0
1949,19.2,-8.899449724862432,0
1950,40.5,-7.8989494747373685,0
1951,30.84,-7.228614307153577,0
1952,18.34,6.048024012006003,0
1953,23.88,-3.5067533766883443,0
1954,60.0,-9.349674837418709,0
1955,21.84,-1.9059529764882441,0
1956,21.99,2.5362681340670328,0
1957,57.23,-7.828914457228614,0
1958,18.06,4.667333666833416,0
1959,56.32,4.787393696848424,1
1960,43.04,-2.8664332166083044,0
1961,28.59,-8.529264632316158,0
1962,55.27,-4.07703851925963,0
1963,55.44,-4.917458729364682,0
1964,32.98,-7.798899449724862,0
1965,31.22,8.539269634817408,0
1966,19.89,3.4567283641820907,0
1967,35.61,2.546273136568283,1
1968,23.0,-5.167583791895948,0
1969,39.85,-9.50975487743872,0
1970,31.55,-1.0555277638819405,0
1971,35.44,-7.338669334667333,0
1972,18.86,4.057028514257128,0
1973,56.62,5.637818909454728,1
1974,33.86,-0.7953976988494258,0
1975,47.35,-9.089544772386192,0
1976,55.78,3.0265132566283146,1
1977,30.56,-4.747373686843422,0
1978,25.65,-8.959479739869934,0
1979,18.53,3.92696348174087,0
1980,18.65,-0.46523261630815504,0
1981,50.61,3.006503251625812,1
1982,57.58,-0.1850925462731361,0
1983,27.27,-8.059029514757379,0
1984,35.17,-5.1975987993997,0
1985,20.71,-6.6083041520760375,0
1986,18.46,7.478739369684842,0
1987,31.13,-9.579789894947474,0
1988,27.14,2.026013006503252,0
1989,34.09,-3.006503251625813,0
1990,35.54,-2.1960980490245126,0
1991,26.32,7.898949474737368,0
1992,47.83,3.3666833416708357,1
1993,30.4,-2.2861430715357685,0
1994,55.04,4.047023511755878,1
1995,51.49,-0.4952476238119061,0
1996,42.46,5.877938969484742,0
1997,53.57,2.1360680340170077,1
1998,35.98,-6.668334167083541,0
1999,26.61,0.005002501250624292,1
